elapsed, window, n, min, mean, median, 95th, 99th, 99_9th, max, errors
1.00057, 1.00057, 185, 652, 2904.8, 846, 23338, 38260, 47207, 47207, 0
2.001591, 1.001021, 239, 581, 2237.3, 803, 3565, 31000, 88253, 88253, 0
3.001623, 1.000032, 187, 581, 3139.9, 799, 5791, 61128, 110701, 110701, 0
4.001536, 0.999913, 232, 601, 2597.2, 802, 5791, 42369, 110701, 110701, 0
5.001638, 1.000102, 176, 572, 2635.8, 796, 4133, 43023, 113600, 113600, 0
6.001522, 0.999884, 208, 551, 2858.9, 774, 4283, 32382, 193068, 193068, 0
7.001638, 1.000116, 209, 551, 3759.7, 808, 22093, 58315, 193068, 193068, 0
8.001695, 1.000057, 201, 601, 3585.8, 772, 19698, 63546, 128306, 128306, 0
9.001573, 0.999878, 208, 555, 2919.4, 767, 5560, 62907, 128306, 128306, 0
10.001595, 1.000022, 151, 546, 3542.3, 783, 22518, 62907, 112647, 112647, 0
11.001658, 1.000063, 232, 574, 2454.0, 757, 2269, 57203, 112647, 112647, 0
12.001621, 0.999963, 208, 544, 1921.7, 761, 2595, 31713, 61987, 61987, 0
13.001647, 1.000026, 227, 544, 1954.3, 771, 3200, 31713, 81820, 81820, 0
14.001652, 1.000005, 239, 554, 1671.3, 746, 2695, 30428, 55373, 55373, 0
15.001602, 0.99995, 207, 564, 2293.9, 755, 3821, 30428, 111583, 111583, 0
16.001653, 1.000051, 170, 536, 3369.6, 791, 17329, 57193, 111583, 111583, 0
17.00161, 0.999957, 218, 424, 3243.7, 778, 25902, 51352, 102135, 102135, 0
18.001643, 1.000033, 207, 525, 3084.7, 822, 23299, 47456, 102135, 102135, 0
19.001547, 0.999904, 192, 509, 2867.6, 806, 11428, 47456, 76720, 76720, 0
20.001648, 1.000101, 182, 509, 3250.7, 749, 18268, 62052, 81750, 81750, 0
21.001601, 0.999953, 209, 534, 2046.4, 746, 3582, 46293, 81750, 81750, 0
22.001623, 1.000022, 247, 585, 1793.9, 744, 3192, 32046, 57804, 57804, 0
23.001591, 0.999968, 248, 528, 1794.3, 722, 2844, 34466, 101588, 101588, 0
24.001621, 1.00003, 184, 528, 2000.0, 719, 2220, 30713, 111467, 111467, 0
25.001621, 1.0, 225, 554, 2193.2, 725, 3320, 30713, 111467, 111467, 0
26.001541, 0.99992, 184, 571, 2124.9, 740, 3320, 31664, 59372, 59372, 0
27.001538, 0.999997, 198, 572, 2788.6, 797, 3758, 58427, 85319, 85319, 0
28.00155, 1.000012, 232, 462, 2461.5, 761, 3077, 38475, 110179, 110179, 0
29.001594, 1.000044, 208, 540, 3159.5, 779, 19975, 51553, 91835, 91835, 0
30.001542, 0.999948, 214, 619, 2134.4, 795, 3062, 31142, 75759, 75759, 0
31.001561, 1.000019, 185, 520, 2129.6, 753, 4403, 35247, 53422, 53422, 0
32.001663, 1.000102, 203, 520, 2714.9, 736, 4403, 37192, 108526, 108526, 0
33.001672, 1.000009, 230, 577, 2377.0, 769, 3953, 32125, 98135, 98135, 0
34.001624, 0.999952, 251, 570, 2188.6, 759, 3536, 45994, 98135, 98135, 0
35.001613, 0.999989, 177, 531, 2421.5, 730, 5003, 28080, 210827, 210827, 0
36.001574, 0.999961, 235, 531, 2478.7, 717, 5357, 32525, 210827, 210827, 0
37.001574, 1.0, 200, 565, 2185.6, 760, 4169, 42903, 74870, 74870, 0
38.001557, 0.999983, 253, 495, 1329.5, 736, 1961, 8618, 74870, 74870, 0
39.001535, 0.999978, 271, 517, 1597.8, 726, 2015, 23994, 110095, 110095, 0
40.001611, 1.000076, 341, 480, 3819.9, 738, 2111, 30257, 110095, 1132785, 0
41.001548, 0.999937, 232, 557, 4809.0, 771, 6115, 46879, 1132785, 1132785, 0
42.001666, 1.000118, 221, 557, 2898.4, 789, 20721, 46879, 92416, 92416, 0
43.001628, 0.999962, 189, 582, 2111.3, 796, 4347, 29941, 75785, 75785, 0
44.001583, 0.999955, 204, 589, 3058.0, 786, 8549, 51021, 142695, 142695, 0
45.001582, 0.999999, 245, 428, 2345.6, 711, 2422, 39036, 142695, 142695, 0
46.00159, 1.000008, 253, 485, 2086.0, 685, 2216, 33890, 118895, 118895, 0
47.001584, 0.999994, 250, 436, 2783.2, 673, 5740, 68492, 144608, 144608, 0
48.001565, 0.999981, 256, 436, 2250.3, 683, 3327, 49455, 144608, 144608, 0
49.001617, 1.000052, 191, 502, 1662.4, 719, 2596, 31376, 62476, 62476, 0
50.001622, 1.000005, 232, 512, 1988.0, 739, 3512, 31376, 54737, 54737, 0
51.001583, 0.999961, 192, 512, 2767.5, 766, 6662, 48682, 84836, 84836, 0
52.001628, 1.000045, 259, 465, 2516.9, 736, 5106, 49760, 84836, 84836, 0
53.001593, 0.999965, 194, 465, 2233.5, 719, 3443, 34034, 173236, 173236, 0
54.001592, 0.999999, 219, 529, 3728.1, 739, 7499, 69273, 173236, 173236, 0
55.001624, 1.000032, 220, 529, 2768.8, 751, 4832, 49391, 130254, 130254, 0
56.001617, 0.999993, 213, 532, 2448.7, 770, 3721, 53846, 76033, 76033, 0
57.001574, 0.999957, 172, 588, 2985.4, 794, 8369, 66994, 120741, 120741, 0
58.001708, 1.000134, 227, 601, 2612.4, 770, 3456, 45830, 120741, 120741, 0
59.0017, 0.999992, 191, 572, 1663.3, 745, 2823, 22274, 74616, 74616, 0
60.001554, 0.999854, 250, 528, 1662.1, 710, 3290, 25521, 74616, 74616, 0
61.001612, 1.000058, 199, 461, 2952.2, 732, 7372, 46671, 118075, 118075, 0
62.001561, 0.999949, 171, 461, 4506.3, 791, 26774, 85655, 159202, 159202, 0
63.001606, 1.000045, 238, 556, 3177.0, 797, 9370, 50449, 159202, 159202, 0
64.001609, 1.000003, 190, 556, 3077.4, 763, 21288, 54792, 109791, 109791, 0
65.001583, 0.999974, 166, 496, 4476.7, 756, 23700, 81736, 169575, 169575, 0
66.001543, 0.99996, 198, 496, 3413.1, 764, 23026, 56113, 169575, 169575, 0
67.001616, 1.000073, 190, 571, 2391.3, 780, 7844, 30286, 94381, 94381, 0
68.001594, 0.999978, 205, 571, 2506.5, 776, 13911, 33188, 52829, 52829, 0
69.001611, 1.000017, 182, 583, 2550.1, 762, 5758, 50294, 54855, 54855, 0
70.001622, 1.000011, 208, 474, 2253.5, 733, 4271, 44169, 94458, 94458, 0
71.001634, 1.000012, 229, 474, 1878.2, 717, 3793, 35875, 62126, 62126, 0
72.001525, 0.999891, 202, 555, 2828.6, 730, 11624, 45045, 114938, 114938, 0
73.001588, 1.000063, 236, 555, 2850.7, 745, 12026, 39229, 114938, 114938, 0
74.001608, 1.00002, 217, 533, 3197.6, 770, 22109, 56570, 111714, 111714, 0
75.001608, 1.0, 187, 533, 3041.1, 764, 11660, 55932, 134314, 134314, 0
76.001611, 1.000003, 228, 546, 2831.6, 742, 6823, 55932, 134314, 134314, 0
77.001619, 1.000008, 179, 529, 2543.9, 717, 7734, 50062, 76144, 76144, 0
78.001601, 0.999982, 234, 502, 2718.3, 709, 7933, 56621, 91582, 91582, 0
79.001602, 1.000001, 188, 551, 1728.9, 743, 2606, 26364, 51402, 51402, 0
80.001611, 1.000009, 221, 551, 2225.2, 761, 4109, 36545, 78507, 78507, 0
81.001533, 0.999922, 219, 557, 2359.7, 748, 4839, 48277, 78507, 78507, 0
82.001532, 0.999999, 179, 557, 2412.1, 749, 5106, 34479, 103510, 103510, 0
83.001539, 1.000007, 201, 558, 2948.7, 739, 6823, 55385, 103510, 103510, 0
84.001538, 0.999999, 275, 552, 2496.9, 740, 4500, 42810, 91548, 91548, 0
85.00163, 1.000092, 223, 560, 2909.3, 767, 4500, 44786, 210306, 210306, 0
86.001541, 0.999911, 206, 540, 2726.9, 761, 3022, 44786, 210306, 210306, 0
87.001517, 0.999976, 187, 540, 2734.5, 772, 10963, 39515, 83358, 83358, 0
88.001626, 1.000109, 183, 561, 2900.5, 761, 11718, 48072, 76515, 76515, 0
89.001585, 0.999959, 248, 474, 2002.8, 714, 4031, 31977, 103084, 103084, 0
90.001573, 0.999988, 238, 474, 1747.2, 757, 2557, 29862, 73403, 73403, 0
91.001611, 1.000038, 193, 556, 1984.3, 759, 2861, 33951, 93977, 93977, 0
92.001584, 0.999973, 193, 498, 2050.8, 729, 2497, 28151, 94051, 94051, 0
93.001738, 1.000154, 212, 498, 2583.0, 723, 4269, 46599, 94051, 94051, 0
94.001521, 0.999783, 184, 531, 2804.5, 741, 12038, 47416, 66980, 66980, 0
95.00162, 1.000099, 223, 556, 2432.2, 762, 12958, 32142, 51868, 51868, 0
96.001624, 1.000004, 179, 592, 3043.7, 780, 12958, 49275, 144941, 144941, 0
97.001576, 0.999952, 231, 553, 3406.2, 752, 24479, 50637, 144941, 144941, 0
98.001533, 0.999957, 215, 553, 2659.4, 726, 6861, 43478, 72214, 72214, 0
99.001581, 1.000048, 191, 578, 2664.0, 758, 7990, 43983, 72214, 72214, 0
100.001584, 1.000003, 208, 566, 2543.7, 761, 5112, 51900, 69155, 69155, 0
101.001625, 1.000041, 168, 561, 2348.0, 763, 4798, 40221, 69155, 69155, 0
102.001582, 0.999957, 214, 498, 2421.3, 731, 4053, 58926, 72344, 72344, 0
103.00158, 0.999998, 267, 498, 1581.7, 719, 1909, 28872, 72344, 72344, 0
104.001536, 0.999956, 233, 536, 2009.1, 726, 2656, 40233, 85442, 85442, 0
105.001617, 1.000081, 198, 536, 2657.6, 723, 7856, 57514, 85442, 85442, 0
106.001563, 0.999946, 173, 585, 3126.0, 770, 8527, 58674, 103808, 103808, 0
107.00156, 0.999997, 193, 570, 2735.3, 750, 4828, 39569, 103808, 103808, 0
108.001586, 1.000026, 183, 570, 2707.6, 789, 11383, 36863, 85082, 85082, 0
109.00153, 0.999944, 224, 574, 3062.8, 799, 20623, 45346, 82569, 82569, 0
110.001585, 1.000055, 188, 537, 3381.6, 773, 22549, 52921, 115248, 115248, 0
111.001531, 0.999946, 209, 498, 3126.1, 761, 11866, 52281, 115248, 115248, 0
112.001527, 0.999996, 197, 496, 2335.7, 719, 2647, 57270, 95624, 95624, 0
113.001551, 1.000024, 232, 544, 1974.6, 753, 4491, 26405, 72610, 72610, 0
114.001528, 0.999977, 191, 527, 2535.3, 745, 6743, 41814, 79438, 79438, 0
115.001527, 0.999999, 239, 527, 2336.7, 734, 4484, 47284, 68668, 68668, 0
116.001537, 1.00001, 241, 566, 2308.1, 722, 9891, 29138, 68668, 68668, 0
117.001589, 1.000052, 243, 576, 1841.5, 731, 3942, 26730, 44941, 44941, 0
118.001581, 0.999992, 232, 563, 2301.6, 753, 2877, 30565, 114945, 114945, 0
119.001566, 0.999985, 172, 563, 3131.0, 770, 19935, 67959, 114945, 114945, 0
120.001539, 0.999973, 175, 549, 2939.5, 776, 10898, 60082, 72536, 72536, 0
121.001528, 0.999989, 254, 549, 2536.3, 730, 8091, 52009, 75780, 75780, 0
122.001529, 1.000001, 206, 503, 2622.8, 712, 10111, 52059, 75780, 75780, 0
123.001557, 1.000028, 239, 503, 2051.8, 735, 3593, 33170, 65235, 65235, 0
124.001585, 1.000028, 214, 540, 2092.4, 716, 3761, 30611, 84053, 84053, 0
125.001528, 0.999943, 259, 517, 1869.3, 682, 3278, 30286, 69821, 69821, 0
126.001585, 1.000057, 183, 517, 2669.4, 716, 18212, 47552, 79050, 79050, 0
127.001518, 0.999933, 233, 484, 3326.4, 735, 25500, 48402, 90304, 90304, 0
128.001533, 1.000015, 181, 484, 2747.3, 732, 13629, 39162, 74653, 74653, 0
129.001538, 1.000005, 190, 551, 2837.5, 764, 10232, 49576, 87264, 87264, 0
130.001544, 1.000006, 197, 552, 2871.8, 758, 5649, 49576, 87264, 87264, 0
131.001524, 0.99998, 239, 552, 2101.0, 752, 2058, 46981, 74940, 74940, 0
132.001529, 1.000005, 245, 566, 2094.4, 737, 2761, 35238, 74940, 74940, 0
133.001618, 1.000089, 247, 534, 2128.5, 708, 4479, 35720, 58217, 58217, 0
134.001582, 0.999964, 253, 493, 1931.6, 719, 4479, 29518, 74621, 74621, 0
135.001587, 1.000005, 188, 493, 1889.0, 719, 4080, 26859, 74621, 74621, 0
136.001588, 1.000001, 224, 532, 2495.3, 713, 3096, 60359, 119750, 119750, 0
137.001531, 0.999943, 219, 532, 2388.1, 705, 2387, 51193, 119750, 119750, 0
138.001577, 1.000046, 207, 557, 1912.6, 716, 3071, 30242, 125689, 125689, 0
139.001545, 0.999968, 268, 550, 3100.3, 755, 9299, 57983, 125689, 125689, 0
140.001576, 1.000031, 240, 550, 3202.4, 783, 22341, 55755, 87376, 87376, 0
141.001554, 0.999978, 279, 548, 2262.9, 775, 7348, 34060, 91378, 91378, 0
142.001528, 0.999974, 211, 545, 2414.3, 751, 5042, 37993, 91378, 91378, 0
143.001586, 1.000058, 215, 545, 2122.2, 713, 2933, 38535, 83586, 83586, 0
144.001646, 1.00006, 220, 554, 2015.3, 728, 2466, 38535, 143785, 143785, 0
145.001536, 0.99989, 225, 556, 1916.6, 754, 2583, 30550, 143785, 143785, 0
146.00158, 1.000044, 205, 521, 2527.6, 743, 5120, 58742, 70845, 70845, 0
147.00159, 1.00001, 221, 521, 3489.7, 756, 14458, 70573, 85130, 85130, 0
148.001585, 0.999995, 171, 609, 3936.3, 762, 26668, 84753, 121627, 121627, 0
149.001527, 0.999942, 222, 569, 3578.0, 760, 9175, 87718, 121627, 121627, 0
150.001551, 1.000024, 168, 569, 2455.5, 773, 4656, 35681, 94176, 94176, 0
151.001581, 1.00003, 202, 591, 2289.4, 783, 5165, 35867, 51581, 51581, 0
152.001588, 1.000007, 230, 591, 2493.9, 777, 5159, 36570, 104812, 104812, 0
153.001612, 1.000024, 184, 552, 1690.9, 761, 2584, 25648, 104812, 104812, 0
154.001543, 0.999931, 262, 552, 1414.0, 748, 1992, 20042, 46554, 46554, 0
155.001585, 1.000042, 161, 569, 2121.9, 736, 4728, 32220, 77922, 77922, 0
156.001589, 1.000004, 248, 568, 1885.5, 723, 3621, 28905, 55005, 55005, 0
157.001595, 1.000006, 182, 535, 1957.3, 729, 3034, 35827, 55005, 55005, 0
158.001521, 0.999926, 257, 510, 1970.8, 723, 2340, 41191, 63577, 63577, 0
159.001599, 1.000078, 208, 510, 2224.1, 735, 2559, 49720, 92863, 92863, 0
160.001588, 0.999989, 225, 525, 2422.5, 745, 2876, 42443, 92863, 92863, 0
161.001529, 0.999941, 175, 570, 3287.5, 779, 8368, 71097, 121544, 121544, 0
162.001587, 1.000058, 274, 575, 2784.5, 759, 9495, 41353, 121544, 121544, 0
163.001626, 1.000039, 244, 574, 1669.8, 738, 2117, 29077, 79937, 79937, 0
164.001587, 0.999961, 251, 542, 1921.3, 731, 2212, 49659, 79937, 79937, 0
165.001527, 0.99994, 182, 512, 2242.6, 731, 3131, 39736, 70363, 70363, 0
166.001578, 1.000051, 223, 512, 1579.9, 719, 2238, 27586, 70363, 70363, 0
167.001536, 0.999958, 214, 534, 2470.1, 705, 3465, 52138, 109804, 109804, 0
168.001581, 1.000045, 193, 512, 3133.7, 735, 14356, 67042, 100249, 100249, 0
169.001612, 1.000031, 188, 539, 2862.5, 760, 19936, 33435, 115116, 115116, 0
170.001584, 0.999972, 171, 539, 2592.2, 766, 2669, 30988, 122374, 122374, 0
171.001531, 0.999947, 212, 542, 2613.6, 739, 4502, 56010, 122374, 122374, 0
172.001613, 1.000082, 193, 511, 2460.5, 740, 5604, 41090, 79845, 79845, 0
173.001608, 0.999995, 200, 504, 3325.4, 743, 23073, 61715, 79845, 79845, 0
174.001583, 0.999975, 283, 495, 2466.8, 710, 5880, 49529, 88182, 88182, 0
175.001527, 0.999944, 235, 495, 1971.7, 699, 2283, 36384, 88182, 88182, 0
176.001604, 1.000077, 209, 546, 2787.3, 722, 10147, 57372, 74750, 74750, 0
177.001587, 0.999983, 245, 576, 2424.1, 751, 5048, 50887, 61776, 61776, 0
178.001559, 0.999972, 194, 520, 2370.3, 710, 3837, 43200, 101641, 101641, 0
179.001585, 1.000026, 191, 520, 2819.8, 725, 6935, 59217, 101641, 101641, 0
180.001581, 0.999996, 201, 557, 2421.0, 751, 4771, 56023, 73562, 73562, 0
181.001596, 1.000015, 229, 532, 2173.6, 751, 4491, 42032, 73562, 73562, 0
182.001595, 0.999999, 187, 542, 1998.8, 762, 2847, 32678, 80793, 80793, 0
183.001584, 0.999989, 198, 542, 2071.0, 759, 2428, 32678, 66893, 66893, 0
184.001562, 0.999978, 231, 577, 2150.3, 760, 3036, 32379, 64249, 64249, 0
185.001613, 1.000051, 210, 526, 3352.4, 789, 25466, 58117, 77492, 77492, 0
186.001588, 0.999975, 148, 526, 4061.4, 796, 28490, 70280, 80554, 80554, 0
187.001626, 1.000038, 194, 578, 2763.0, 790, 8315, 50624, 77245, 77245, 0
188.001531, 0.999905, 249, 554, 2651.9, 731, 4181, 56526, 126198, 126198, 0
189.001577, 1.000046, 223, 540, 2792.4, 736, 4807, 43694, 126198, 126198, 0
190.00159, 1.000013, 199, 540, 2745.8, 746, 5992, 41379, 109860, 109860, 0
191.001592, 1.000002, 276, 507, 1845.4, 718, 2561, 34879, 55050, 55050, 0
192.001621, 1.000029, 228, 492, 1731.7, 708, 2837, 31047, 49462, 49462, 0
193.001526, 0.999905, 137, 492, 2579.9, 715, 3056, 49462, 115307, 115307, 0
194.00159, 1.000064, 203, 542, 2029.5, 719, 1946, 35664, 114991, 114991, 0
195.001578, 0.999988, 256, 542, 1854.9, 718, 3331, 28993, 54800, 54800, 0
196.00153, 0.999952, 233, 551, 2378.6, 732, 2495, 50599, 143068, 143068, 0
197.001585, 1.000055, 222, 572, 3029.2, 758, 5508, 66104, 126413, 126413, 0
198.001593, 1.000008, 205, 552, 2515.7, 733, 3477, 52926, 125986, 125986, 0
199.001585, 0.999992, 220, 486, 2180.4, 703, 2802, 29925, 80978, 80978, 0
200.001648, 1.000063, 241, 486, 2776.8, 742, 17566, 45320, 80978, 80978, 0
201.00161, 0.999962, 198, 530, 2357.3, 743, 3146, 32608, 164046, 164046, 0
202.001639, 1.000029, 260, 556, 2421.7, 730, 2000, 49860, 164046, 164046, 0
203.001604, 0.999965, 198, 529, 2487.7, 722, 5112, 54709, 81810, 81810, 0
204.001609, 1.000005, 196, 535, 2819.8, 756, 5208, 54709, 176343, 176343, 0
205.001553, 0.999944, 208, 574, 2888.0, 779, 4329, 37709, 253826, 253826, 0
206.001626, 1.000073, 229, 545, 2791.0, 767, 4314, 28065, 253826, 253826, 0
207.001611, 0.999985, 247, 522, 2258.4, 756, 3571, 31309, 86525, 86525, 0
208.00153, 0.999919, 255, 565, 2131.7, 737, 2847, 34506, 86525, 86525, 0
209.001531, 1.000001, 264, 573, 1950.9, 732, 2891, 29614, 81358, 81358, 0
210.001529, 0.999998, 197, 537, 1877.8, 774, 2862, 25618, 81358, 81358, 0
211.001568, 1.000039, 222, 537, 1840.5, 781, 4496, 24980, 56259, 56259, 0
212.001636, 1.000068, 189, 556, 2123.0, 778, 3063, 50750, 56259, 56259, 0
213.001554, 0.999918, 241, 545, 2299.1, 770, 3386, 50750, 76690, 76690, 0
214.001568, 1.000014, 202, 462, 2671.5, 739, 3855, 47249, 79390, 79390, 0
215.001587, 1.000019, 201, 462, 2815.3, 709, 3367, 54790, 121178, 121178, 0
216.001644, 1.000057, 199, 544, 2233.2, 779, 3367, 34891, 121178, 121178, 0
217.001674, 1.00003, 191, 543, 3153.9, 786, 5521, 71541, 149444, 149444, 0
218.001634, 0.99996, 212, 539, 2919.6, 784, 4054, 64752, 91377, 91377, 0
219.001529, 0.999895, 297, 528, 1960.0, 758, 2663, 41925, 91377, 91377, 0
220.001641, 1.000112, 181, 528, 1767.2, 744, 2552, 39822, 63992, 63992, 0
221.001526, 0.999885, 196, 577, 2714.2, 752, 5330, 54669, 63992, 63992, 0
222.001582, 1.000056, 255, 503, 2224.0, 721, 3317, 52924, 74587, 74587, 0
223.001586, 1.000004, 215, 503, 3042.5, 727, 3114, 63429, 197165, 197165, 0
224.001574, 0.999988, 217, 546, 2811.1, 739, 7846, 39064, 138766, 138766, 0
225.001532, 0.999958, 218, 546, 1921.0, 732, 2208, 28829, 138766, 138766, 0
226.001526, 0.999994, 228, 550, 1514.9, 707, 2208, 28606, 59845, 59845, 0
227.00159, 1.000064, 211, 550, 2257.7, 736, 3026, 33154, 203423, 203423, 0
228.001534, 0.999944, 201, 554, 2532.9, 786, 4770, 34538, 203423, 203423, 0
229.001565, 1.000031, 203, 539, 2316.3, 745, 4770, 35390, 83493, 83493, 0
230.001595, 1.00003, 257, 527, 2858.4, 712, 7798, 51031, 83764, 83764, 0
231.001586, 0.999991, 256, 527, 2626.8, 707, 5850, 53464, 85286, 85286, 0
232.001524, 0.999938, 230, 537, 2132.5, 741, 4456, 30142, 85286, 85286, 0
233.001584, 1.00006, 220, 576, 2444.1, 763, 8556, 40924, 59303, 59303, 0
234.001543, 0.999959, 176, 543, 2942.8, 740, 10921, 56305, 63865, 63865, 0
235.001532, 0.999989, 175, 543, 3359.1, 744, 23472, 54153, 128164, 128164, 0
236.001527, 0.999995, 200, 578, 2647.6, 759, 20761, 53024, 58597, 58597, 0
237.00153, 1.000003, 211, 578, 2645.7, 749, 7023, 41665, 83829, 83829, 0
238.001534, 1.000004, 181, 525, 3377.0, 757, 20380, 79102, 142344, 142344, 0
239.001611, 1.000077, 181, 497, 3046.5, 746, 4842, 58101, 125849, 125849, 0
240.001601, 0.99999, 183, 497, 2801.1, 769, 5203, 54424, 125849, 125849, 0
241.001597, 0.999996, 180, 570, 2396.5, 762, 7335, 31460, 63142, 63142, 0
242.001567, 0.99997, 184, 487, 2823.2, 721, 6223, 56114, 94965, 94965, 0
243.001615, 1.000048, 206, 504, 2362.7, 749, 4511, 47271, 94965, 94965, 0
244.001587, 0.999972, 216, 504, 2056.8, 747, 2914, 38628, 72306, 72306, 0
245.00156, 0.999973, 202, 578, 2134.5, 729, 3372, 42587, 72306, 72306, 0
246.001578, 1.000018, 199, 531, 2371.9, 718, 1784, 60659, 135263, 135263, 0
247.001633, 1.000055, 178, 534, 2923.4, 735, 2124, 73776, 201977, 201977, 0
248.00157, 0.999937, 193, 557, 2804.6, 773, 2256, 56087, 201977, 201977, 0
249.001584, 1.000014, 201, 557, 2376.1, 775, 2373, 34264, 105407, 105407, 0
250.001536, 0.999952, 218, 564, 1895.2, 775, 3279, 31753, 45986, 45986, 0
251.001529, 0.999993, 236, 572, 2489.2, 772, 12946, 44855, 56628, 56628, 0
252.001592, 1.000063, 230, 526, 2145.0, 745, 4347, 34722, 56628, 56628, 0
253.001554, 0.999962, 200, 526, 2256.3, 722, 4061, 34722, 83991, 83991, 0
254.001578, 1.000024, 191, 524, 2587.4, 720, 7117, 47406, 83991, 83991, 0
255.001527, 0.999949, 244, 519, 2155.5, 756, 3942, 38461, 74093, 74093, 0
256.001534, 1.000007, 229, 519, 1839.6, 733, 2570, 27625, 93359, 93359, 0
257.001578, 1.000044, 190, 502, 2506.1, 744, 11937, 39371, 93359, 93359, 0
258.001519, 0.999941, 224, 502, 2266.2, 746, 2855, 49553, 58261, 58261, 0
259.001535, 1.000016, 155, 524, 3070.7, 728, 2702, 65612, 98946, 98946, 0
260.001586, 1.000051, 182, 524, 3785.0, 740, 26119, 73219, 98946, 98946, 0
261.001609, 1.000023, 199, 539, 2680.7, 769, 12936, 34197, 73219, 73219, 0
262.001601, 0.999992, 193, 501, 2452.4, 741, 6537, 43071, 65606, 65606, 0
263.001582, 0.999981, 233, 501, 1510.0, 694, 2191, 32841, 43071, 43071, 0
264.001592, 1.00001, 243, 472, 2437.8, 688, 2918, 57181, 124076, 124076, 0
265.001609, 1.000017, 180, 472, 2825.6, 733, 3809, 57181, 124076, 124076, 0
266.001589, 0.99998, 267, 552, 1861.8, 732, 2954, 29041, 97008, 97008, 0
267.001666, 1.000077, 217, 552, 1965.7, 726, 2378, 29402, 92916, 92916, 0
268.001592, 0.999926, 215, 583, 2040.6, 736, 3475, 27820, 92916, 92916, 0
269.001583, 0.999991, 187, 580, 2471.4, 746, 6570, 36090, 71879, 71879, 0
270.001531, 0.999948, 179, 524, 3140.8, 754, 12589, 56612, 77585, 77585, 0
271.001662, 1.000131, 200, 577, 3601.3, 755, 25912, 63270, 112992, 112992, 0
272.001579, 0.999917, 246, 566, 2928.7, 769, 8586, 40237, 112992, 112992, 0
273.001577, 0.999998, 249, 561, 1629.1, 735, 2557, 32071, 47101, 47101, 0
274.001587, 1.00001, 261, 495, 2069.5, 705, 2586, 34552, 206963, 206963, 0
275.00153, 0.999943, 236, 495, 2701.2, 708, 5327, 42255, 206963, 206963, 0
276.001586, 1.000056, 216, 531, 2743.7, 705, 8701, 50325, 123039, 123039, 0
277.001619, 1.000033, 271, 539, 2577.4, 699, 3741, 50325, 123039, 123039, 0
278.001579, 0.99996, 236, 556, 1666.3, 694, 2216, 29685, 87796, 87796, 0
279.001591, 1.000012, 162, 536, 1964.7, 704, 2735, 42182, 80267, 80267, 0
280.001584, 0.999993, 226, 542, 2880.0, 754, 9873, 53912, 80267, 80267, 0
281.001632, 1.000048, 223, 542, 3636.2, 750, 21243, 60666, 149443, 149443, 0
282.001542, 0.99991, 268, 542, 2694.5, 719, 4215, 49143, 149443, 149443, 0
283.001587, 1.000045, 160, 547, 2652.2, 755, 3459, 50972, 111171, 111171, 0
284.0016, 1.000013, 237, 590, 2595.7, 759, 3315, 45218, 111171, 111171, 0
285.001572, 0.999972, 185, 523, 2652.0, 737, 4476, 64043, 88924, 88924, 0
286.001523, 0.999951, 223, 523, 2942.9, 730, 4035, 60152, 105175, 105175, 0
287.00168, 1.000157, 226, 521, 2904.1, 732, 6822, 54235, 105175, 105175, 0
288.001531, 0.999851, 246, 525, 2786.5, 704, 14686, 42098, 94122, 94122, 0
289.001615, 1.000084, 192, 516, 2556.2, 719, 6053, 42413, 94122, 94122, 0
290.00164, 1.000025, 213, 465, 2354.6, 729, 3401, 59893, 115713, 115713, 0
291.001574, 0.999934, 194, 465, 2963.6, 749, 11016, 58708, 115713, 115713, 0
292.001578, 1.000004, 246, 551, 2736.3, 741, 7926, 55120, 99700, 99700, 0
293.00153, 0.999952, 177, 551, 2077.2, 714, 3432, 40137, 67951, 67951, 0
294.001582, 1.000052, 314, 486, 2714.6, 693, 2483, 68185, 110350, 110350, 0
295.001641, 1.000059, 210, 486, 3245.6, 695, 6247, 80816, 110350, 110350, 0
296.001579, 0.999938, 217, 570, 2703.0, 743, 5613, 59272, 128360, 128360, 0
297.001577, 0.999998, 219, 554, 2286.7, 749, 5613, 29168, 128360, 128360, 0
298.001626, 1.000049, 221, 545, 1585.5, 736, 3205, 24132, 61431, 61431, 0
299.001581, 0.999955, 177, 554, 2015.8, 716, 2691, 48872, 60213, 60213, 0
300.001577, 0.999996, 214, 542, 3061.5, 719, 7098, 55575, 122322, 122322, 0
301.001591, 1.000014, 219, 542, 2807.4, 754, 12523, 39767, 122322, 122322, 0
302.001614, 1.000023, 232, 568, 2135.0, 756, 8542, 31962, 46845, 46845, 0
303.001537, 0.999923, 195, 545, 1968.3, 736, 3755, 26913, 95146, 95146, 0
304.001523, 0.999986, 197, 545, 2747.5, 749, 3952, 57602, 95146, 95146, 0
305.001525, 1.000002, 244, 565, 2230.2, 731, 2838, 44109, 65439, 65439, 0
306.00161, 1.000085, 158, 530, 3819.0, 740, 24281, 81158, 156173, 156173, 0
307.001591, 0.999981, 234, 530, 3265.6, 746, 3708, 81158, 156173, 156173, 0
308.001635, 1.000044, 213, 498, 1916.3, 730, 3439, 31424, 60610, 60610, 0
309.001587, 0.999952, 240, 498, 2248.0, 730, 4624, 38149, 61245, 61245, 0
310.001588, 1.000001, 269, 516, 2155.1, 724, 4007, 46068, 61245, 61245, 0
311.001665, 1.000077, 228, 517, 1987.4, 739, 2787, 37165, 93994, 93994, 0
312.001624, 0.999959, 203, 517, 2735.0, 737, 6206, 46001, 98954, 98954, 0
313.001618, 0.999994, 151, 525, 3161.4, 762, 19598, 65405, 98954, 98954, 0
314.001618, 1.0, 217, 496, 1752.1, 730, 2186, 31551, 52805, 52805, 0
315.001668, 1.00005, 163, 543, 1929.6, 741, 2313, 32575, 56448, 56448, 0
316.001624, 0.999956, 237, 543, 2738.2, 779, 7745, 52340, 80447, 80447, 0
317.001566, 0.999942, 243, 578, 2576.7, 767, 6430, 45892, 80447, 80447, 0
318.001683, 1.000117, 163, 566, 2166.0, 745, 3221, 43611, 79935, 79935, 0
319.001681, 0.999998, 170, 490, 2424.3, 712, 3406, 37299, 65738, 65738, 0
320.001582, 0.999901, 208, 490, 2243.6, 738, 5040, 31921, 65738, 65738, 0
321.00157, 0.999988, 221, 564, 2479.0, 749, 3017, 42167, 172260, 172260, 0
322.00158, 1.00001, 231, 509, 2169.9, 721, 2117, 41986, 172260, 172260, 0
323.001661, 1.000081, 199, 450, 2714.4, 703, 4202, 51501, 145089, 145089, 0
324.001683, 1.000022, 217, 450, 2546.0, 665, 3030, 51501, 145089, 145089, 0
325.001588, 0.999905, 204, 513, 1756.0, 673, 2062, 23534, 124659, 124659, 0
326.001576, 0.999988, 190, 514, 1801.9, 719, 2657, 36613, 69694, 69694, 0
327.001572, 0.999996, 165, 547, 2586.1, 751, 5208, 34859, 89639, 89639, 0
328.001584, 1.000012, 220, 513, 2550.0, 728, 5227, 40221, 89639, 89639, 0
329.001529, 0.999945, 249, 525, 2031.9, 718, 4366, 36633, 62318, 62318, 0
330.00164, 1.000111, 207, 525, 2003.6, 730, 3572, 36746, 70170, 70170, 0
331.001591, 0.999951, 216, 475, 1806.2, 738, 2827, 36746, 71906, 71906, 0
332.00163, 1.000039, 209, 542, 2287.4, 758, 3644, 38547, 73500, 73500, 0
333.001579, 0.999949, 195, 490, 3320.7, 738, 22746, 65633, 79958, 79958, 0
334.001627, 1.000048, 229, 490, 2687.4, 723, 4180, 54670, 82519, 82519, 0
335.001573, 0.999946, 206, 544, 2653.0, 769, 5569, 55964, 82519, 82519, 0
336.001529, 0.999956, 198, 548, 2562.7, 747, 4041, 46781, 66752, 66752, 0
337.001564, 1.000035, 179, 548, 2255.5, 770, 3371, 45295, 63617, 63617, 0
338.00153, 0.999966, 227, 548, 1538.3, 754, 2310, 25916, 37993, 37993, 0
339.001622, 1.000092, 162, 568, 2000.0, 762, 3209, 31975, 59131, 59131, 0
340.001581, 0.999959, 243, 522, 3186.3, 749, 21156, 52649, 129644, 129644, 0
341.001661, 1.00008, 206, 508, 2770.7, 751, 7886, 43170, 129644, 129644, 0
342.001582, 0.999921, 189, 522, 2925.8, 758, 4291, 61908, 96420, 96420, 0
343.001602, 1.00002, 311, 461, 2494.7, 720, 2673, 50293, 147331, 147331, 0
344.001609, 1.000007, 229, 461, 2235.5, 717, 4118, 36000, 151785, 151785, 0
345.001576, 0.999967, 268, 527, 2472.9, 714, 7572, 48410, 71730, 71730, 0
346.001632, 1.000056, 253, 573, 2652.7, 706, 6197, 56645, 86673, 86673, 0
347.001636, 1.000004, 207, 540, 2018.7, 706, 2970, 36311, 86673, 86673, 0
348.00161, 0.999974, 215, 540, 1829.6, 722, 3172, 29965, 89611, 89611, 0
349.001578, 0.999968, 181, 549, 2460.5, 773, 3094, 58209, 89882, 89882, 0
350.001573, 0.999995, 251, 538, 2642.5, 744, 4213, 48445, 109259, 109259, 0
351.001581, 1.000008, 200, 530, 2266.1, 752, 3107, 32672, 109259, 109259, 0
352.001652, 1.000071, 209, 530, 2617.9, 725, 2751, 37748, 162189, 162189, 0
353.001534, 0.999882, 225, 494, 2166.1, 685, 3206, 36073, 82938, 82938, 0
354.001577, 1.000043, 184, 494, 2573.9, 719, 3128, 29484, 166759, 166759, 0
355.001557, 0.99998, 254, 496, 1804.3, 717, 2162, 26163, 162905, 162905, 0
356.001613, 1.000056, 234, 496, 1808.9, 732, 2333, 30036, 76193, 76193, 0
357.001588, 0.999975, 248, 508, 2326.6, 740, 3555, 40494, 142670, 142670, 0
358.001576, 0.999988, 205, 489, 2921.2, 731, 6715, 53579, 142670, 142670, 0
359.001529, 0.999953, 207, 566, 2744.1, 760, 7183, 56735, 76902, 76902, 0
360.001581, 1.000052, 199, 570, 3343.2, 761, 20882, 68717, 104161, 104161, 0
361.001529, 0.999948, 218, 553, 3204.9, 740, 19052, 61051, 96226, 96226, 0
361.01304, 0.011511, 3, 532, 3186.5, 739, 19052, 61051, 96226, 96226, 0
